Offer Title,Coupon Code,Description,Eligible Credit Cards,Eligible Debit Cards
Get 10% OFF up to ?300,AXISCC10,"Applicable only on select Axis Bank Credit Cards. Get 10% off on final bill (max ?300). Minimum cart ?1499. Valid Sept 11  Oct 22. Not valid on Axis NEO Card. Excludes Gold/Silver coins, Milk, Tobacco, Cigarettes, and Baby needs.",Airtel Axis Bank Credit Card,
Get 10% OFF up to ?300,AXISCC10,"Applicable only on select Axis Bank Credit Cards. Get 10% off on final bill (max ?300). Minimum cart ?1499. Valid Sept 11  Oct 22. Not valid on Axis NEO Card. Excludes Gold/Silver coins, Milk, Tobacco, Cigarettes, and Baby needs.",Airtel Axis Bank RuPay Credit Card,
Get 10% OFF up to ?300,AXISCC10,"Applicable only on select Axis Bank Credit Cards. Get 10% off on final bill (max ?300). Minimum cart ?1499. Valid Sept 11  Oct 22. Not valid on Axis NEO Card. Excludes Gold/Silver coins, Milk, Tobacco, Cigarettes, and Baby needs.",Axis Bank Ace Credit Card,
Get 10% OFF up to ?300,AXISCC10,"Applicable only on select Axis Bank Credit Cards. Get 10% off on final bill (max ?300). Minimum cart ?1499. Valid Sept 11  Oct 22. Not valid on Axis NEO Card. Excludes Gold/Silver coins, Milk, Tobacco, Cigarettes, and Baby needs.",Axis Bank Atlas Credit Card,
Get 10% OFF up to ?300,AXISCC10,"Applicable only on select Axis Bank Credit Cards. Get 10% off on final bill (max ?300). Minimum cart ?1499. Valid Sept 11  Oct 22. Not valid on Axis NEO Card. Excludes Gold/Silver coins, Milk, Tobacco, Cigarettes, and Baby needs.",Axis Bank Aura Credit Card,
Get 10% OFF up to ?300,AXISCC10,"Applicable only on select Axis Bank Credit Cards. Get 10% off on final bill (max ?300). Minimum cart ?1499. Valid Sept 11  Oct 22. Not valid on Axis NEO Card. Excludes Gold/Silver coins, Milk, Tobacco, Cigarettes, and Baby needs.",Axis Bank Freecharge Credit Card,
Get 10% OFF up to ?300,AXISCC10,"Applicable only on select Axis Bank Credit Cards. Get 10% off on final bill (max ?300). Minimum cart ?1499. Valid Sept 11  Oct 22. Not valid on Axis NEO Card. Excludes Gold/Silver coins, Milk, Tobacco, Cigarettes, and Baby needs.",Axis Bank Freecharge Plus Credit Card,
Get 10% OFF up to ?300,AXISCC10,"Applicable only on select Axis Bank Credit Cards. Get 10% off on final bill (max ?300). Minimum cart ?1499. Valid Sept 11  Oct 22. Not valid on Axis NEO Card. Excludes Gold/Silver coins, Milk, Tobacco, Cigarettes, and Baby needs.",Axis Bank Horizon Credit Card,
Get 10% OFF up to ?300,AXISCC10,"Applicable only on select Axis Bank Credit Cards. Get 10% off on final bill (max ?300). Minimum cart ?1499. Valid Sept 11  Oct 22. Not valid on Axis NEO Card. Excludes Gold/Silver coins, Milk, Tobacco, Cigarettes, and Baby needs.",Axis Bank MY Zone Credit Card,
Get 10% OFF up to ?300,AXISCC10,"Applicable only on select Axis Bank Credit Cards. Get 10% off on final bill (max ?300). Minimum cart ?1499. Valid Sept 11  Oct 22. Not valid on Axis NEO Card. Excludes Gold/Silver coins, Milk, Tobacco, Cigarettes, and Baby needs.",Axis Bank Magnus Credit Card,
Get 10% OFF up to ?300,AXISCC10,"Applicable only on select Axis Bank Credit Cards. Get 10% off on final bill (max ?300). Minimum cart ?1499. Valid Sept 11  Oct 22. Not valid on Axis NEO Card. Excludes Gold/Silver coins, Milk, Tobacco, Cigarettes, and Baby needs.",Axis Bank Miles And More World Credit Card,
Get 10% OFF up to ?300,AXISCC10,"Applicable only on select Axis Bank Credit Cards. Get 10% off on final bill (max ?300). Minimum cart ?1499. Valid Sept 11  Oct 22. Not valid on Axis NEO Card. Excludes Gold/Silver coins, Milk, Tobacco, Cigarettes, and Baby needs.",Axis Bank Miles And More World Select Credit Card,
Get 10% OFF up to ?300,AXISCC10,"Applicable only on select Axis Bank Credit Cards. Get 10% off on final bill (max ?300). Minimum cart ?1499. Valid Sept 11  Oct 22. Not valid on Axis NEO Card. Excludes Gold/Silver coins, Milk, Tobacco, Cigarettes, and Baby needs.",Axis Bank My Wings Credit Card,
Get 10% OFF up to ?300,AXISCC10,"Applicable only on select Axis Bank Credit Cards. Get 10% off on final bill (max ?300). Minimum cart ?1499. Valid Sept 11  Oct 22. Not valid on Axis NEO Card. Excludes Gold/Silver coins, Milk, Tobacco, Cigarettes, and Baby needs.",Axis Bank Platinum Credit Card,
Get 10% OFF up to ?300,AXISCC10,"Applicable only on select Axis Bank Credit Cards. Get 10% off on final bill (max ?300). Minimum cart ?1499. Valid Sept 11  Oct 22. Not valid on Axis NEO Card. Excludes Gold/Silver coins, Milk, Tobacco, Cigarettes, and Baby needs.",Axis Bank Pride Platinum Credit Card,
Get 10% OFF up to ?300,AXISCC10,"Applicable only on select Axis Bank Credit Cards. Get 10% off on final bill (max ?300). Minimum cart ?1499. Valid Sept 11  Oct 22. Not valid on Axis NEO Card. Excludes Gold/Silver coins, Milk, Tobacco, Cigarettes, and Baby needs.",Axis Bank Pride Signature Credit Card,
Get 10% OFF up to ?300,AXISCC10,"Applicable only on select Axis Bank Credit Cards. Get 10% off on final bill (max ?300). Minimum cart ?1499. Valid Sept 11  Oct 22. Not valid on Axis NEO Card. Excludes Gold/Silver coins, Milk, Tobacco, Cigarettes, and Baby needs.",Axis Bank Privilege Credit Card,
Get 10% OFF up to ?300,AXISCC10,"Applicable only on select Axis Bank Credit Cards. Get 10% off on final bill (max ?300). Minimum cart ?1499. Valid Sept 11  Oct 22. Not valid on Axis NEO Card. Excludes Gold/Silver coins, Milk, Tobacco, Cigarettes, and Baby needs.",Axis Bank Privilege Easy Credit Card,
Get 10% OFF up to ?300,AXISCC10,"Applicable only on select Axis Bank Credit Cards. Get 10% off on final bill (max ?300). Minimum cart ?1499. Valid Sept 11  Oct 22. Not valid on Axis NEO Card. Excludes Gold/Silver coins, Milk, Tobacco, Cigarettes, and Baby needs.",Axis Bank Reserve Credit Card,
Get 10% OFF up to ?300,AXISCC10,"Applicable only on select Axis Bank Credit Cards. Get 10% off on final bill (max ?300). Minimum cart ?1499. Valid Sept 11  Oct 22. Not valid on Axis NEO Card. Excludes Gold/Silver coins, Milk, Tobacco, Cigarettes, and Baby needs.",Axis Bank Rewards Credit Card,
Get 10% OFF up to ?300,AXISCC10,"Applicable only on select Axis Bank Credit Cards. Get 10% off on final bill (max ?300). Minimum cart ?1499. Valid Sept 11  Oct 22. Not valid on Axis NEO Card. Excludes Gold/Silver coins, Milk, Tobacco, Cigarettes, and Baby needs.",Axis Bank Select Credit Card,
Get 10% OFF up to ?300,AXISCC10,"Applicable only on select Axis Bank Credit Cards. Get 10% off on final bill (max ?300). Minimum cart ?1499. Valid Sept 11  Oct 22. Not valid on Axis NEO Card. Excludes Gold/Silver coins, Milk, Tobacco, Cigarettes, and Baby needs.",Axis Bank Shoppers Stop Credit Card,
Get 10% OFF up to ?300,AXISCC10,"Applicable only on select Axis Bank Credit Cards. Get 10% off on final bill (max ?300). Minimum cart ?1499. Valid Sept 11  Oct 22. Not valid on Axis NEO Card. Excludes Gold/Silver coins, Milk, Tobacco, Cigarettes, and Baby needs.",Axis Bank Signature Credit Card,
Get 10% OFF up to ?300,AXISCC10,"Applicable only on select Axis Bank Credit Cards. Get 10% off on final bill (max ?300). Minimum cart ?1499. Valid Sept 11  Oct 22. Not valid on Axis NEO Card. Excludes Gold/Silver coins, Milk, Tobacco, Cigarettes, and Baby needs.",Axis Bank SpiceJet Voyage Black Credit Card,
Get 10% OFF up to ?300,AXISCC10,"Applicable only on select Axis Bank Credit Cards. Get 10% off on final bill (max ?300). Minimum cart ?1499. Valid Sept 11  Oct 22. Not valid on Axis NEO Card. Excludes Gold/Silver coins, Milk, Tobacco, Cigarettes, and Baby needs.",Axis Bank Titanium Smart Traveller Credit Card,
Get 10% OFF up to ?300,AXISCC10,"Applicable only on select Axis Bank Credit Cards. Get 10% off on final bill (max ?300). Minimum cart ?1499. Valid Sept 11  Oct 22. Not valid on Axis NEO Card. Excludes Gold/Silver coins, Milk, Tobacco, Cigarettes, and Baby needs.",Axis Bank Vistara Credit Card,
Get 10% OFF up to ?300,AXISCC10,"Applicable only on select Axis Bank Credit Cards. Get 10% off on final bill (max ?300). Minimum cart ?1499. Valid Sept 11  Oct 22. Not valid on Axis NEO Card. Excludes Gold/Silver coins, Milk, Tobacco, Cigarettes, and Baby needs.",Axis Bank Vistara Infinite Credit Card,
Get 10% OFF up to ?300,AXISCC10,"Applicable only on select Axis Bank Credit Cards. Get 10% off on final bill (max ?300). Minimum cart ?1499. Valid Sept 11  Oct 22. Not valid on Axis NEO Card. Excludes Gold/Silver coins, Milk, Tobacco, Cigarettes, and Baby needs.",Axis Bank Vistara Signature Credit Card,
Get 10% OFF up to ?300,AXISCC10,"Applicable only on select Axis Bank Credit Cards. Get 10% off on final bill (max ?300). Minimum cart ?1499. Valid Sept 11  Oct 22. Not valid on Axis NEO Card. Excludes Gold/Silver coins, Milk, Tobacco, Cigarettes, and Baby needs.",Axis Horizon Mastercard Credit Card,
Get 10% OFF up to ?300,AXISCC10,"Applicable only on select Axis Bank Credit Cards. Get 10% off on final bill (max ?300). Minimum cart ?1499. Valid Sept 11  Oct 22. Not valid on Axis NEO Card. Excludes Gold/Silver coins, Milk, Tobacco, Cigarettes, and Baby needs.",Axis Insta Easy Credit Card,
Get 10% OFF up to ?300,AXISCC10,"Applicable only on select Axis Bank Credit Cards. Get 10% off on final bill (max ?300). Minimum cart ?1499. Valid Sept 11  Oct 22. Not valid on Axis NEO Card. Excludes Gold/Silver coins, Milk, Tobacco, Cigarettes, and Baby needs.",Axis KWIK Credit Card,
Get 10% OFF up to ?300,AXISCC10,"Applicable only on select Axis Bank Credit Cards. Get 10% off on final bill (max ?300). Minimum cart ?1499. Valid Sept 11  Oct 22. Not valid on Axis NEO Card. Excludes Gold/Silver coins, Milk, Tobacco, Cigarettes, and Baby needs.",Fibe Axis Bank Credit Card,
Get 10% OFF up to ?300,AXISCC10,"Applicable only on select Axis Bank Credit Cards. Get 10% off on final bill (max ?300). Minimum cart ?1499. Valid Sept 11  Oct 22. Not valid on Axis NEO Card. Excludes Gold/Silver coins, Milk, Tobacco, Cigarettes, and Baby needs.",Flipkart Axis Bank Credit Card,
Get 10% OFF up to ?300,AXISCC10,"Applicable only on select Axis Bank Credit Cards. Get 10% off on final bill (max ?300). Minimum cart ?1499. Valid Sept 11  Oct 22. Not valid on Axis NEO Card. Excludes Gold/Silver coins, Milk, Tobacco, Cigarettes, and Baby needs.",Flipkart Axis Bank Superelite Credit Card,
Get 10% OFF up to ?300,AXISCC10,"Applicable only on select Axis Bank Credit Cards. Get 10% off on final bill (max ?300). Minimum cart ?1499. Valid Sept 11  Oct 22. Not valid on Axis NEO Card. Excludes Gold/Silver coins, Milk, Tobacco, Cigarettes, and Baby needs.",IndianOil Axis Bank Credit Card,
Get 10% OFF up to ?300,AXISCC10,"Applicable only on select Axis Bank Credit Cards. Get 10% off on final bill (max ?300). Minimum cart ?1499. Valid Sept 11  Oct 22. Not valid on Axis NEO Card. Excludes Gold/Silver coins, Milk, Tobacco, Cigarettes, and Baby needs.",LIC Axis Bank Platinum Credit Card,
Get 10% OFF up to ?300,AXISCC10,"Applicable only on select Axis Bank Credit Cards. Get 10% off on final bill (max ?300). Minimum cart ?1499. Valid Sept 11  Oct 22. Not valid on Axis NEO Card. Excludes Gold/Silver coins, Milk, Tobacco, Cigarettes, and Baby needs.",LIC Axis Bank Signature Credit Card,
Get 10% OFF up to ?300,AXISCC10,"Applicable only on select Axis Bank Credit Cards. Get 10% off on final bill (max ?300). Minimum cart ?1499. Valid Sept 11  Oct 22. Not valid on Axis NEO Card. Excludes Gold/Silver coins, Milk, Tobacco, Cigarettes, and Baby needs.",Samsung Axis Bank Infinite Credit Card,
Get 10% OFF up to ?300,AXISCC10,"Applicable only on select Axis Bank Credit Cards. Get 10% off on final bill (max ?300). Minimum cart ?1499. Valid Sept 11  Oct 22. Not valid on Axis NEO Card. Excludes Gold/Silver coins, Milk, Tobacco, Cigarettes, and Baby needs.",Samsung Axis Bank Signature Credit Card,
Get 10% OFF up to ?300,AXISCC10,"Applicable only on select Axis Bank Credit Cards. Get 10% off on final bill (max ?300). Minimum cart ?1499. Valid Sept 11  Oct 22. Not valid on Axis NEO Card. Excludes Gold/Silver coins, Milk, Tobacco, Cigarettes, and Baby needs.",Spicejet Axis Bank Voyage Credit Card,
Get 10% OFF up to ?600,AXISEL10,Valid on Axis Bank Credit Cards. Max ?600 off. Minimum cart ?3999. Valid Sept 11  Oct 22. Electronics only. Not valid on Axis NEO cards.,Airtel Axis Bank Credit Card,
Get 10% OFF up to ?600,AXISEL10,Valid on Axis Bank Credit Cards. Max ?600 off. Minimum cart ?3999. Valid Sept 11  Oct 22. Electronics only. Not valid on Axis NEO cards.,Airtel Axis Bank RuPay Credit Card,
Get 10% OFF up to ?600,AXISEL10,Valid on Axis Bank Credit Cards. Max ?600 off. Minimum cart ?3999. Valid Sept 11  Oct 22. Electronics only. Not valid on Axis NEO cards.,Axis Bank Ace Credit Card,
Get 10% OFF up to ?600,AXISEL10,Valid on Axis Bank Credit Cards. Max ?600 off. Minimum cart ?3999. Valid Sept 11  Oct 22. Electronics only. Not valid on Axis NEO cards.,Axis Bank Atlas Credit Card,
Get 10% OFF up to ?600,AXISEL10,Valid on Axis Bank Credit Cards. Max ?600 off. Minimum cart ?3999. Valid Sept 11  Oct 22. Electronics only. Not valid on Axis NEO cards.,Axis Bank Aura Credit Card,
Get 10% OFF up to ?600,AXISEL10,Valid on Axis Bank Credit Cards. Max ?600 off. Minimum cart ?3999. Valid Sept 11  Oct 22. Electronics only. Not valid on Axis NEO cards.,Axis Bank Freecharge Credit Card,
Get 10% OFF up to ?600,AXISEL10,Valid on Axis Bank Credit Cards. Max ?600 off. Minimum cart ?3999. Valid Sept 11  Oct 22. Electronics only. Not valid on Axis NEO cards.,Axis Bank Freecharge Plus Credit Card,
Get 10% OFF up to ?600,AXISEL10,Valid on Axis Bank Credit Cards. Max ?600 off. Minimum cart ?3999. Valid Sept 11  Oct 22. Electronics only. Not valid on Axis NEO cards.,Axis Bank Horizon Credit Card,
Get 10% OFF up to ?600,AXISEL10,Valid on Axis Bank Credit Cards. Max ?600 off. Minimum cart ?3999. Valid Sept 11  Oct 22. Electronics only. Not valid on Axis NEO cards.,Axis Bank MY Zone Credit Card,
Get 10% OFF up to ?600,AXISEL10,Valid on Axis Bank Credit Cards. Max ?600 off. Minimum cart ?3999. Valid Sept 11  Oct 22. Electronics only. Not valid on Axis NEO cards.,Axis Bank Magnus Credit Card,
Get 10% OFF up to ?600,AXISEL10,Valid on Axis Bank Credit Cards. Max ?600 off. Minimum cart ?3999. Valid Sept 11  Oct 22. Electronics only. Not valid on Axis NEO cards.,Axis Bank Miles And More World Credit Card,
Get 10% OFF up to ?600,AXISEL10,Valid on Axis Bank Credit Cards. Max ?600 off. Minimum cart ?3999. Valid Sept 11  Oct 22. Electronics only. Not valid on Axis NEO cards.,Axis Bank Miles And More World Select Credit Card,
Get 10% OFF up to ?600,AXISEL10,Valid on Axis Bank Credit Cards. Max ?600 off. Minimum cart ?3999. Valid Sept 11  Oct 22. Electronics only. Not valid on Axis NEO cards.,Axis Bank My Wings Credit Card,
Get 10% OFF up to ?600,AXISEL10,Valid on Axis Bank Credit Cards. Max ?600 off. Minimum cart ?3999. Valid Sept 11  Oct 22. Electronics only. Not valid on Axis NEO cards.,Axis Bank Platinum Credit Card,
Get 10% OFF up to ?600,AXISEL10,Valid on Axis Bank Credit Cards. Max ?600 off. Minimum cart ?3999. Valid Sept 11  Oct 22. Electronics only. Not valid on Axis NEO cards.,Axis Bank Pride Platinum Credit Card,
Get 10% OFF up to ?600,AXISEL10,Valid on Axis Bank Credit Cards. Max ?600 off. Minimum cart ?3999. Valid Sept 11  Oct 22. Electronics only. Not valid on Axis NEO cards.,Axis Bank Pride Signature Credit Card,
Get 10% OFF up to ?600,AXISEL10,Valid on Axis Bank Credit Cards. Max ?600 off. Minimum cart ?3999. Valid Sept 11  Oct 22. Electronics only. Not valid on Axis NEO cards.,Axis Bank Privilege Credit Card,
Get 10% OFF up to ?600,AXISEL10,Valid on Axis Bank Credit Cards. Max ?600 off. Minimum cart ?3999. Valid Sept 11  Oct 22. Electronics only. Not valid on Axis NEO cards.,Axis Bank Privilege Easy Credit Card,
Get 10% OFF up to ?600,AXISEL10,Valid on Axis Bank Credit Cards. Max ?600 off. Minimum cart ?3999. Valid Sept 11  Oct 22. Electronics only. Not valid on Axis NEO cards.,Axis Bank Reserve Credit Card,
Get 10% OFF up to ?600,AXISEL10,Valid on Axis Bank Credit Cards. Max ?600 off. Minimum cart ?3999. Valid Sept 11  Oct 22. Electronics only. Not valid on Axis NEO cards.,Axis Bank Rewards Credit Card,
Get 10% OFF up to ?600,AXISEL10,Valid on Axis Bank Credit Cards. Max ?600 off. Minimum cart ?3999. Valid Sept 11  Oct 22. Electronics only. Not valid on Axis NEO cards.,Axis Bank Select Credit Card,
Get 10% OFF up to ?600,AXISEL10,Valid on Axis Bank Credit Cards. Max ?600 off. Minimum cart ?3999. Valid Sept 11  Oct 22. Electronics only. Not valid on Axis NEO cards.,Axis Bank Shoppers Stop Credit Card,
Get 10% OFF up to ?600,AXISEL10,Valid on Axis Bank Credit Cards. Max ?600 off. Minimum cart ?3999. Valid Sept 11  Oct 22. Electronics only. Not valid on Axis NEO cards.,Axis Bank Signature Credit Card,
Get 10% OFF up to ?600,AXISEL10,Valid on Axis Bank Credit Cards. Max ?600 off. Minimum cart ?3999. Valid Sept 11  Oct 22. Electronics only. Not valid on Axis NEO cards.,Axis Bank SpiceJet Voyage Black Credit Card,
Get 10% OFF up to ?600,AXISEL10,Valid on Axis Bank Credit Cards. Max ?600 off. Minimum cart ?3999. Valid Sept 11  Oct 22. Electronics only. Not valid on Axis NEO cards.,Axis Bank Titanium Smart Traveller Credit Card,
Get 10% OFF up to ?600,AXISEL10,Valid on Axis Bank Credit Cards. Max ?600 off. Minimum cart ?3999. Valid Sept 11  Oct 22. Electronics only. Not valid on Axis NEO cards.,Axis Bank Vistara Credit Card,
Get 10% OFF up to ?600,AXISEL10,Valid on Axis Bank Credit Cards. Max ?600 off. Minimum cart ?3999. Valid Sept 11  Oct 22. Electronics only. Not valid on Axis NEO cards.,Axis Bank Vistara Infinite Credit Card,
Get 10% OFF up to ?600,AXISEL10,Valid on Axis Bank Credit Cards. Max ?600 off. Minimum cart ?3999. Valid Sept 11  Oct 22. Electronics only. Not valid on Axis NEO cards.,Axis Bank Vistara Signature Credit Card,
Get 10% OFF up to ?600,AXISEL10,Valid on Axis Bank Credit Cards. Max ?600 off. Minimum cart ?3999. Valid Sept 11  Oct 22. Electronics only. Not valid on Axis NEO cards.,Axis Horizon Mastercard Credit Card,
Get 10% OFF up to ?600,AXISEL10,Valid on Axis Bank Credit Cards. Max ?600 off. Minimum cart ?3999. Valid Sept 11  Oct 22. Electronics only. Not valid on Axis NEO cards.,Axis Insta Easy Credit Card,
Get 10% OFF up to ?600,AXISEL10,Valid on Axis Bank Credit Cards. Max ?600 off. Minimum cart ?3999. Valid Sept 11  Oct 22. Electronics only. Not valid on Axis NEO cards.,Axis KWIK Credit Card,
Get 10% OFF up to ?600,AXISEL10,Valid on Axis Bank Credit Cards. Max ?600 off. Minimum cart ?3999. Valid Sept 11  Oct 22. Electronics only. Not valid on Axis NEO cards.,Fibe Axis Bank Credit Card,
Get 10% OFF up to ?600,AXISEL10,Valid on Axis Bank Credit Cards. Max ?600 off. Minimum cart ?3999. Valid Sept 11  Oct 22. Electronics only. Not valid on Axis NEO cards.,Flipkart Axis Bank Credit Card,
Get 10% OFF up to ?600,AXISEL10,Valid on Axis Bank Credit Cards. Max ?600 off. Minimum cart ?3999. Valid Sept 11  Oct 22. Electronics only. Not valid on Axis NEO cards.,Flipkart Axis Bank Superelite Credit Card,
Get 10% OFF up to ?600,AXISEL10,Valid on Axis Bank Credit Cards. Max ?600 off. Minimum cart ?3999. Valid Sept 11  Oct 22. Electronics only. Not valid on Axis NEO cards.,IndianOil Axis Bank Credit Card,
Get 10% OFF up to ?600,AXISEL10,Valid on Axis Bank Credit Cards. Max ?600 off. Minimum cart ?3999. Valid Sept 11  Oct 22. Electronics only. Not valid on Axis NEO cards.,LIC Axis Bank Platinum Credit Card,
Get 10% OFF up to ?600,AXISEL10,Valid on Axis Bank Credit Cards. Max ?600 off. Minimum cart ?3999. Valid Sept 11  Oct 22. Electronics only. Not valid on Axis NEO cards.,LIC Axis Bank Signature Credit Card,
Get 10% OFF up to ?600,AXISEL10,Valid on Axis Bank Credit Cards. Max ?600 off. Minimum cart ?3999. Valid Sept 11  Oct 22. Electronics only. Not valid on Axis NEO cards.,Samsung Axis Bank Infinite Credit Card,
Get 10% OFF up to ?600,AXISEL10,Valid on Axis Bank Credit Cards. Max ?600 off. Minimum cart ?3999. Valid Sept 11  Oct 22. Electronics only. Not valid on Axis NEO cards.,Samsung Axis Bank Signature Credit Card,
Get 10% OFF up to ?600,AXISEL10,Valid on Axis Bank Credit Cards. Max ?600 off. Minimum cart ?3999. Valid Sept 11  Oct 22. Electronics only. Not valid on Axis NEO cards.,Spicejet Axis Bank Voyage Credit Card,
Flat ?100 OFF,RBLCC100,"Valid on RBL Bank Credit Cards. Minimum cart ?999. Valid Oct 01  Oct 22. Excludes Gold/Silver coins, Milk, Tobacco, Cigarettes, and Baby needs.",IRCTC RBL Bank Credit Card,
Flat ?100 OFF,RBLCC100,"Valid on RBL Bank Credit Cards. Minimum cart ?999. Valid Oct 01  Oct 22. Excludes Gold/Silver coins, Milk, Tobacco, Cigarettes, and Baby needs.",IndianOil RBL Bank Credit Card,
Flat ?100 OFF,RBLCC100,"Valid on RBL Bank Credit Cards. Minimum cart ?999. Valid Oct 01  Oct 22. Excludes Gold/Silver coins, Milk, Tobacco, Cigarettes, and Baby needs.",IndianOil RBL Bank RuPay Credit Card,
Flat ?100 OFF,RBLCC100,"Valid on RBL Bank Credit Cards. Minimum cart ?999. Valid Oct 01  Oct 22. Excludes Gold/Silver coins, Milk, Tobacco, Cigarettes, and Baby needs.",IndianOil RBL Bank XTRA RuPay Credit Card,
Flat ?100 OFF,RBLCC100,"Valid on RBL Bank Credit Cards. Minimum cart ?999. Valid Oct 01  Oct 22. Excludes Gold/Silver coins, Milk, Tobacco, Cigarettes, and Baby needs.",Indianoil RBL Bank Xtra Credit Card,
Flat ?100 OFF,RBLCC100,"Valid on RBL Bank Credit Cards. Minimum cart ?999. Valid Oct 01  Oct 22. Excludes Gold/Silver coins, Milk, Tobacco, Cigarettes, and Baby needs.",RBL Bank Bankbazaar Savemax Credit Card,
Flat ?100 OFF,RBLCC100,"Valid on RBL Bank Credit Cards. Minimum cart ?999. Valid Oct 01  Oct 22. Excludes Gold/Silver coins, Milk, Tobacco, Cigarettes, and Baby needs.",RBL Bank Bankbazaar Savemax Pro Credit Card,
Flat ?100 OFF,RBLCC100,"Valid on RBL Bank Credit Cards. Minimum cart ?999. Valid Oct 01  Oct 22. Excludes Gold/Silver coins, Milk, Tobacco, Cigarettes, and Baby needs.",RBL Bank Binge Credit Card,
Flat ?100 OFF,RBLCC100,"Valid on RBL Bank Credit Cards. Minimum cart ?999. Valid Oct 01  Oct 22. Excludes Gold/Silver coins, Milk, Tobacco, Cigarettes, and Baby needs.",RBL Bank Binge MasterCard Credit Card,
Flat ?100 OFF,RBLCC100,"Valid on RBL Bank Credit Cards. Minimum cart ?999. Valid Oct 01  Oct 22. Excludes Gold/Silver coins, Milk, Tobacco, Cigarettes, and Baby needs.",RBL Bank Cookie Credit Card,
Flat ?100 OFF,RBLCC100,"Valid on RBL Bank Credit Cards. Minimum cart ?999. Valid Oct 01  Oct 22. Excludes Gold/Silver coins, Milk, Tobacco, Cigarettes, and Baby needs.",RBL Bank DMI Finance Credit Card,
Flat ?100 OFF,RBLCC100,"Valid on RBL Bank Credit Cards. Minimum cart ?999. Valid Oct 01  Oct 22. Excludes Gold/Silver coins, Milk, Tobacco, Cigarettes, and Baby needs.",RBL Bank EasySaver Credit Card,
Flat ?100 OFF,RBLCC100,"Valid on RBL Bank Credit Cards. Minimum cart ?999. Valid Oct 01  Oct 22. Excludes Gold/Silver coins, Milk, Tobacco, Cigarettes, and Baby needs.",RBL Bank EasySaver Visa Credit Card,
Flat ?100 OFF,RBLCC100,"Valid on RBL Bank Credit Cards. Minimum cart ?999. Valid Oct 01  Oct 22. Excludes Gold/Silver coins, Milk, Tobacco, Cigarettes, and Baby needs.",RBL Bank Icon Credit Card,
Flat ?100 OFF,RBLCC100,"Valid on RBL Bank Credit Cards. Minimum cart ?999. Valid Oct 01  Oct 22. Excludes Gold/Silver coins, Milk, Tobacco, Cigarettes, and Baby needs.",RBL Bank Insignia Preferred Banking Card,
Flat ?100 OFF,RBLCC100,"Valid on RBL Bank Credit Cards. Minimum cart ?999. Valid Oct 01  Oct 22. Excludes Gold/Silver coins, Milk, Tobacco, Cigarettes, and Baby needs.",RBL Bank Lazy Pay Credit Card,
Flat ?100 OFF,RBLCC100,"Valid on RBL Bank Credit Cards. Minimum cart ?999. Valid Oct 01  Oct 22. Excludes Gold/Silver coins, Milk, Tobacco, Cigarettes, and Baby needs.",RBL Bank Mocash Credit Card,
Flat ?100 OFF,RBLCC100,"Valid on RBL Bank Credit Cards. Minimum cart ?999. Valid Oct 01  Oct 22. Excludes Gold/Silver coins, Milk, Tobacco, Cigarettes, and Baby needs.",RBL Bank MoneyTap Black Card,
Flat ?100 OFF,RBLCC100,"Valid on RBL Bank Credit Cards. Minimum cart ?999. Valid Oct 01  Oct 22. Excludes Gold/Silver coins, Milk, Tobacco, Cigarettes, and Baby needs.",RBL Bank MoneyTap Credit Card,
Flat ?100 OFF,RBLCC100,"Valid on RBL Bank Credit Cards. Minimum cart ?999. Valid Oct 01  Oct 22. Excludes Gold/Silver coins, Milk, Tobacco, Cigarettes, and Baby needs.",RBL Bank Monthly Treats Credit Card,
Flat ?100 OFF,RBLCC100,"Valid on RBL Bank Credit Cards. Minimum cart ?999. Valid Oct 01  Oct 22. Excludes Gold/Silver coins, Milk, Tobacco, Cigarettes, and Baby needs.",RBL Bank Movies and More Credit Card,
Flat ?100 OFF,RBLCC100,"Valid on RBL Bank Credit Cards. Minimum cart ?999. Valid Oct 01  Oct 22. Excludes Gold/Silver coins, Milk, Tobacco, Cigarettes, and Baby needs.",RBL Bank MyFirst Credit Card,
Flat ?100 OFF,RBLCC100,"Valid on RBL Bank Credit Cards. Minimum cart ?999. Valid Oct 01  Oct 22. Excludes Gold/Silver coins, Milk, Tobacco, Cigarettes, and Baby needs.",RBL Bank MyFirst Mastercard Credit Card,
Flat ?100 OFF,RBLCC100,"Valid on RBL Bank Credit Cards. Minimum cart ?999. Valid Oct 01  Oct 22. Excludes Gold/Silver coins, Milk, Tobacco, Cigarettes, and Baby needs.",RBL Bank Novio RuPay Credit Card,
Flat ?100 OFF,RBLCC100,"Valid on RBL Bank Credit Cards. Minimum cart ?999. Valid Oct 01  Oct 22. Excludes Gold/Silver coins, Milk, Tobacco, Cigarettes, and Baby needs.",RBL Bank Paisabazaar Duet Card,
Flat ?100 OFF,RBLCC100,"Valid on RBL Bank Credit Cards. Minimum cart ?999. Valid Oct 01  Oct 22. Excludes Gold/Silver coins, Milk, Tobacco, Cigarettes, and Baby needs.",RBL Bank Paisabazaar Duet Plus Card,
Flat ?100 OFF,RBLCC100,"Valid on RBL Bank Credit Cards. Minimum cart ?999. Valid Oct 01  Oct 22. Excludes Gold/Silver coins, Milk, Tobacco, Cigarettes, and Baby needs.",RBL Bank Patanjali Swarn RuPay Card,
Flat ?100 OFF,RBLCC100,"Valid on RBL Bank Credit Cards. Minimum cart ?999. Valid Oct 01  Oct 22. Excludes Gold/Silver coins, Milk, Tobacco, Cigarettes, and Baby needs.",RBL Bank Patanjali Vishisht RuPay Card,
Flat ?100 OFF,RBLCC100,"Valid on RBL Bank Credit Cards. Minimum cart ?999. Valid Oct 01  Oct 22. Excludes Gold/Silver coins, Milk, Tobacco, Cigarettes, and Baby needs.",RBL Bank Platinum Advantage Credit Card,
Flat ?100 OFF,RBLCC100,"Valid on RBL Bank Credit Cards. Minimum cart ?999. Valid Oct 01  Oct 22. Excludes Gold/Silver coins, Milk, Tobacco, Cigarettes, and Baby needs.",RBL Bank Platinum Bonus Credit Card,
Flat ?100 OFF,RBLCC100,"Valid on RBL Bank Credit Cards. Minimum cart ?999. Valid Oct 01  Oct 22. Excludes Gold/Silver coins, Milk, Tobacco, Cigarettes, and Baby needs.",RBL Bank Platinum Choice Credit Card,
Flat ?100 OFF,RBLCC100,"Valid on RBL Bank Credit Cards. Minimum cart ?999. Valid Oct 01  Oct 22. Excludes Gold/Silver coins, Milk, Tobacco, Cigarettes, and Baby needs.",RBL Bank Platinum Choice Visa Credit Card,
Flat ?100 OFF,RBLCC100,"Valid on RBL Bank Credit Cards. Minimum cart ?999. Valid Oct 01  Oct 22. Excludes Gold/Silver coins, Milk, Tobacco, Cigarettes, and Baby needs.",RBL Bank Platinum Classic Credit Card,
Flat ?100 OFF,RBLCC100,"Valid on RBL Bank Credit Cards. Minimum cart ?999. Valid Oct 01  Oct 22. Excludes Gold/Silver coins, Milk, Tobacco, Cigarettes, and Baby needs.",RBL Bank Platinum Delight Credit Card,
Flat ?100 OFF,RBLCC100,"Valid on RBL Bank Credit Cards. Minimum cart ?999. Valid Oct 01  Oct 22. Excludes Gold/Silver coins, Milk, Tobacco, Cigarettes, and Baby needs.",RBL Bank Platinum Edge Credit Card,
Flat ?100 OFF,RBLCC100,"Valid on RBL Bank Credit Cards. Minimum cart ?999. Valid Oct 01  Oct 22. Excludes Gold/Silver coins, Milk, Tobacco, Cigarettes, and Baby needs.",RBL Bank Platinum Edge MasterCard,
Flat ?100 OFF,RBLCC100,"Valid on RBL Bank Credit Cards. Minimum cart ?999. Valid Oct 01  Oct 22. Excludes Gold/Silver coins, Milk, Tobacco, Cigarettes, and Baby needs.",RBL Bank Platinum LifeEasy Credit Card,
Flat ?100 OFF,RBLCC100,"Valid on RBL Bank Credit Cards. Minimum cart ?999. Valid Oct 01  Oct 22. Excludes Gold/Silver coins, Milk, Tobacco, Cigarettes, and Baby needs.",RBL Bank Platinum LifeEasy Visa Credit Card,
Flat ?100 OFF,RBLCC100,"Valid on RBL Bank Credit Cards. Minimum cart ?999. Valid Oct 01  Oct 22. Excludes Gold/Silver coins, Milk, Tobacco, Cigarettes, and Baby needs.",RBL Bank Platinum Maxima Credit Card,
Flat ?100 OFF,RBLCC100,"Valid on RBL Bank Credit Cards. Minimum cart ?999. Valid Oct 01  Oct 22. Excludes Gold/Silver coins, Milk, Tobacco, Cigarettes, and Baby needs.",RBL Bank Platinum Plus Credit Card,
Flat ?100 OFF,RBLCC100,"Valid on RBL Bank Credit Cards. Minimum cart ?999. Valid Oct 01  Oct 22. Excludes Gold/Silver coins, Milk, Tobacco, Cigarettes, and Baby needs.",RBL Bank Platinum Plus Visa Credit Card,
Flat ?100 OFF,RBLCC100,"Valid on RBL Bank Credit Cards. Minimum cart ?999. Valid Oct 01  Oct 22. Excludes Gold/Silver coins, Milk, Tobacco, Cigarettes, and Baby needs.",RBL Bank Platinum Prime Credit Card,
Flat ?100 OFF,RBLCC100,"Valid on RBL Bank Credit Cards. Minimum cart ?999. Valid Oct 01  Oct 22. Excludes Gold/Silver coins, Milk, Tobacco, Cigarettes, and Baby needs.",RBL Bank Platinum ShopDaily Credit Card,
Flat ?100 OFF,RBLCC100,"Valid on RBL Bank Credit Cards. Minimum cart ?999. Valid Oct 01  Oct 22. Excludes Gold/Silver coins, Milk, Tobacco, Cigarettes, and Baby needs.",RBL Bank Platinum ShopDaily Visa Credit Card,
Flat ?100 OFF,RBLCC100,"Valid on RBL Bank Credit Cards. Minimum cart ?999. Valid Oct 01  Oct 22. Excludes Gold/Silver coins, Milk, Tobacco, Cigarettes, and Baby needs.",RBL Bank Platinum ShopSmart MasterCard Credit Card,
Flat ?100 OFF,RBLCC100,"Valid on RBL Bank Credit Cards. Minimum cart ?999. Valid Oct 01  Oct 22. Excludes Gold/Silver coins, Milk, Tobacco, Cigarettes, and Baby needs.",RBL Bank Platinum Shopgain  Credit Card,
Flat ?100 OFF,RBLCC100,"Valid on RBL Bank Credit Cards. Minimum cart ?999. Valid Oct 01  Oct 22. Excludes Gold/Silver coins, Milk, Tobacco, Cigarettes, and Baby needs.",RBL Bank Platinum Shopgain Visa Credit Card,
Flat ?100 OFF,RBLCC100,"Valid on RBL Bank Credit Cards. Minimum cart ?999. Valid Oct 01  Oct 22. Excludes Gold/Silver coins, Milk, Tobacco, Cigarettes, and Baby needs.",RBL Bank Platinum Shopsmart Credit Card,
Flat ?100 OFF,RBLCC100,"Valid on RBL Bank Credit Cards. Minimum cart ?999. Valid Oct 01  Oct 22. Excludes Gold/Silver coins, Milk, Tobacco, Cigarettes, and Baby needs.",RBL Bank Platinum TravelEasy Credit Card,
Flat ?100 OFF,RBLCC100,"Valid on RBL Bank Credit Cards. Minimum cart ?999. Valid Oct 01  Oct 22. Excludes Gold/Silver coins, Milk, Tobacco, Cigarettes, and Baby needs.",RBL Bank Platinum TravelEasy Visa Credit Card,
Flat ?100 OFF,RBLCC100,"Valid on RBL Bank Credit Cards. Minimum cart ?999. Valid Oct 01  Oct 22. Excludes Gold/Silver coins, Milk, Tobacco, Cigarettes, and Baby needs.",RBL Bank Platinum ValuePlus Credit Card,
Flat ?100 OFF,RBLCC100,"Valid on RBL Bank Credit Cards. Minimum cart ?999. Valid Oct 01  Oct 22. Excludes Gold/Silver coins, Milk, Tobacco, Cigarettes, and Baby needs.",RBL Bank Platinum ValuePlus MasterCard Credit Card,
Flat ?100 OFF,RBLCC100,"Valid on RBL Bank Credit Cards. Minimum cart ?999. Valid Oct 01  Oct 22. Excludes Gold/Silver coins, Milk, Tobacco, Cigarettes, and Baby needs.",RBL Bank Play Credit Card,
Flat ?100 OFF,RBLCC100,"Valid on RBL Bank Credit Cards. Minimum cart ?999. Valid Oct 01  Oct 22. Excludes Gold/Silver coins, Milk, Tobacco, Cigarettes, and Baby needs.",RBL Bank Play Credit Card,
Flat ?100 OFF,RBLCC100,"Valid on RBL Bank Credit Cards. Minimum cart ?999. Valid Oct 01  Oct 22. Excludes Gold/Silver coins, Milk, Tobacco, Cigarettes, and Baby needs.",RBL Bank SalarySe Up RuPay Credit Card,
Flat ?100 OFF,RBLCC100,"Valid on RBL Bank Credit Cards. Minimum cart ?999. Valid Oct 01  Oct 22. Excludes Gold/Silver coins, Milk, Tobacco, Cigarettes, and Baby needs.",RBL Bank Shoprite Credit Card,
Flat ?100 OFF,RBLCC100,"Valid on RBL Bank Credit Cards. Minimum cart ?999. Valid Oct 01  Oct 22. Excludes Gold/Silver coins, Milk, Tobacco, Cigarettes, and Baby needs.",RBL Bank VCard,
Flat ?100 OFF,RBLCC100,"Valid on RBL Bank Credit Cards. Minimum cart ?999. Valid Oct 01  Oct 22. Excludes Gold/Silver coins, Milk, Tobacco, Cigarettes, and Baby needs.",RBL Bank World Max Credit Card,
Flat ?100 OFF,RBLCC100,"Valid on RBL Bank Credit Cards. Minimum cart ?999. Valid Oct 01  Oct 22. Excludes Gold/Silver coins, Milk, Tobacco, Cigarettes, and Baby needs.",RBL Bank World Max MasterCard Credit Card,
Flat ?100 OFF,RBLCC100,"Valid on RBL Bank Credit Cards. Minimum cart ?999. Valid Oct 01  Oct 22. Excludes Gold/Silver coins, Milk, Tobacco, Cigarettes, and Baby needs.",RBL Bank World Plus Credit Card,
Flat ?100 OFF,RBLCC100,"Valid on RBL Bank Credit Cards. Minimum cart ?999. Valid Oct 01  Oct 22. Excludes Gold/Silver coins, Milk, Tobacco, Cigarettes, and Baby needs.",RBL Bank World Plus MasterCard Credit Card,
Flat ?100 OFF,RBLCC100,"Valid on RBL Bank Credit Cards. Minimum cart ?999. Valid Oct 01  Oct 22. Excludes Gold/Silver coins, Milk, Tobacco, Cigarettes, and Baby needs.",RBL Bank World Prime Credit Card,
Flat ?100 OFF,RBLCC100,"Valid on RBL Bank Credit Cards. Minimum cart ?999. Valid Oct 01  Oct 22. Excludes Gold/Silver coins, Milk, Tobacco, Cigarettes, and Baby needs.",RBL Bank World Prime Visa Credit Card,
Flat ?100 OFF,RBLCC100,"Valid on RBL Bank Credit Cards. Minimum cart ?999. Valid Oct 01  Oct 22. Excludes Gold/Silver coins, Milk, Tobacco, Cigarettes, and Baby needs.",RBL Bank World Safari Credit Card,
Flat ?100 OFF,RBLCC100,"Valid on RBL Bank Credit Cards. Minimum cart ?999. Valid Oct 01  Oct 22. Excludes Gold/Silver coins, Milk, Tobacco, Cigarettes, and Baby needs.",RBL Bank iGlobe Credit Card,
Flat ?100 OFF,RBLCC100,"Valid on RBL Bank Credit Cards. Minimum cart ?999. Valid Oct 01  Oct 22. Excludes Gold/Silver coins, Milk, Tobacco, Cigarettes, and Baby needs.",RBL Platinum Maxima Plus Card,
Flat ?100 OFF,RBLCC100,"Valid on RBL Bank Credit Cards. Minimum cart ?999. Valid Oct 01  Oct 22. Excludes Gold/Silver coins, Milk, Tobacco, Cigarettes, and Baby needs.",TVS Credit RBL Bank Card,
Flat ?100 OFF,RBLCC100,"Valid on RBL Bank Credit Cards. Minimum cart ?999. Valid Oct 01  Oct 22. Excludes Gold/Silver coins, Milk, Tobacco, Cigarettes, and Baby needs.",TVS Credit RBL Bank Gold Mastercard Card,
Get 10% OFF up to ?300,YESBANK10,"Valid on Yes Bank Credit Cards (excluding corporate cards). Max ?300 off. Minimum cart ?999. Can be availed twice during Sept 11  Oct 22. Excludes Gold/Silver coins, Milk, Tobacco, Cigarettes, and Baby needs.",YES Bank Marquee Credit Card,
Get 10% OFF up to ?300,YESBANK10,"Valid on Yes Bank Credit Cards (excluding corporate cards). Max ?300 off. Minimum cart ?999. Can be availed twice during Sept 11  Oct 22. Excludes Gold/Silver coins, Milk, Tobacco, Cigarettes, and Baby needs.",YES Bank Paisabazaar Paisasave Credit Card,
Get 10% OFF up to ?300,YESBANK10,"Valid on Yes Bank Credit Cards (excluding corporate cards). Max ?300 off. Minimum cart ?999. Can be availed twice during Sept 11  Oct 22. Excludes Gold/Silver coins, Milk, Tobacco, Cigarettes, and Baby needs.",YES Bank Rio RuPay Credit Card,
Get 10% OFF up to ?300,YESBANK10,"Valid on Yes Bank Credit Cards (excluding corporate cards). Max ?300 off. Minimum cart ?999. Can be availed twice during Sept 11  Oct 22. Excludes Gold/Silver coins, Milk, Tobacco, Cigarettes, and Baby needs.",Yes Bank Anq Pi Credit Card,
Get 10% OFF up to ?300,YESBANK10,"Valid on Yes Bank Credit Cards (excluding corporate cards). Max ?300 off. Minimum cart ?999. Can be availed twice during Sept 11  Oct 22. Excludes Gold/Silver coins, Milk, Tobacco, Cigarettes, and Baby needs.",Yes Bank BYOC Credit Card,
Get 10% OFF up to ?300,YESBANK10,"Valid on Yes Bank Credit Cards (excluding corporate cards). Max ?300 off. Minimum cart ?999. Can be availed twice during Sept 11  Oct 22. Excludes Gold/Silver coins, Milk, Tobacco, Cigarettes, and Baby needs.",Yes Bank Card Anq Phi Credit  Card,
Get 10% OFF up to ?300,YESBANK10,"Valid on Yes Bank Credit Cards (excluding corporate cards). Max ?300 off. Minimum cart ?999. Can be availed twice during Sept 11  Oct 22. Excludes Gold/Silver coins, Milk, Tobacco, Cigarettes, and Baby needs.",Yes Bank Finbooster Credit Card,
Get 10% OFF up to ?300,YESBANK10,"Valid on Yes Bank Credit Cards (excluding corporate cards). Max ?300 off. Minimum cart ?999. Can be availed twice during Sept 11  Oct 22. Excludes Gold/Silver coins, Milk, Tobacco, Cigarettes, and Baby needs.",Yes Bank Wellness Credit Card,
Get 10% OFF up to ?300,YESBANK10,"Valid on Yes Bank Credit Cards (excluding corporate cards). Max ?300 off. Minimum cart ?999. Can be availed twice during Sept 11  Oct 22. Excludes Gold/Silver coins, Milk, Tobacco, Cigarettes, and Baby needs.",Yes Bank Wellness Plus Credit Card,
Get 10% OFF up to ?300,YESBANK10,"Valid on Yes Bank Credit Cards (excluding corporate cards). Max ?300 off. Minimum cart ?999. Can be availed twice during Sept 11  Oct 22. Excludes Gold/Silver coins, Milk, Tobacco, Cigarettes, and Baby needs.",Yes ELITE + Credit Card,
Get 10% OFF up to ?300,YESBANK10,"Valid on Yes Bank Credit Cards (excluding corporate cards). Max ?300 off. Minimum cart ?999. Can be availed twice during Sept 11  Oct 22. Excludes Gold/Silver coins, Milk, Tobacco, Cigarettes, and Baby needs.",Yes EMI Credit Card,
Get 10% OFF up to ?300,YESBANK10,"Valid on Yes Bank Credit Cards (excluding corporate cards). Max ?300 off. Minimum cart ?999. Can be availed twice during Sept 11  Oct 22. Excludes Gold/Silver coins, Milk, Tobacco, Cigarettes, and Baby needs.",Yes Private Prime Credit Card,
Get 10% OFF up to ?300,YESBANK10,"Valid on Yes Bank Credit Cards (excluding corporate cards). Max ?300 off. Minimum cart ?999. Can be availed twice during Sept 11  Oct 22. Excludes Gold/Silver coins, Milk, Tobacco, Cigarettes, and Baby needs.",Yes Prosperity Cashback Credit Card,
Get 10% OFF up to ?300,YESBANK10,"Valid on Yes Bank Credit Cards (excluding corporate cards). Max ?300 off. Minimum cart ?999. Can be availed twice during Sept 11  Oct 22. Excludes Gold/Silver coins, Milk, Tobacco, Cigarettes, and Baby needs.",Yes Prosperity Cashback Plus Credit Card,
Get 10% OFF up to ?300,YESBANK10,"Valid on Yes Bank Credit Cards (excluding corporate cards). Max ?300 off. Minimum cart ?999. Can be availed twice during Sept 11  Oct 22. Excludes Gold/Silver coins, Milk, Tobacco, Cigarettes, and Baby needs.",Yes Prosperity Edge Credit Card,
Get 10% OFF up to ?300,YESBANK10,"Valid on Yes Bank Credit Cards (excluding corporate cards). Max ?300 off. Minimum cart ?999. Can be availed twice during Sept 11  Oct 22. Excludes Gold/Silver coins, Milk, Tobacco, Cigarettes, and Baby needs.",Yes Prosperity Reward Credit Card,
Get 10% OFF up to ?300,YESBANK10,"Valid on Yes Bank Credit Cards (excluding corporate cards). Max ?300 off. Minimum cart ?999. Can be availed twice during Sept 11  Oct 22. Excludes Gold/Silver coins, Milk, Tobacco, Cigarettes, and Baby needs.",Yes Prosperity Reward Plus Credit Card,
Get 10% OFF up to ?300,YESBANK10,"Valid on Yes Bank Credit Cards (excluding corporate cards). Max ?300 off. Minimum cart ?999. Can be availed twice during Sept 11  Oct 22. Excludes Gold/Silver coins, Milk, Tobacco, Cigarettes, and Baby needs.",Yes Reserv Credit Card,
Get 10% OFF up to ?250,AXISNEO,"Applicable only on Axis Neo Credit Card. Max discount ?250. Minimum cart ?750. Valid Oct 01  Oct 31. Excludes Gold/Silver coins, Milk, Tobacco, Cigarettes, and Baby needs.",Axis Bank Neo Credit Card,
Get 5% OFF up to ?300,ICICIAPAY5,"Applicable on select ICICI Amazon Pay Credit Cards. 5% off up to ?300. Minimum cart ?1999. Valid Sept 11  Oct 22. Excludes Gold/Silver coins, Milk, Tobacco, Cigarettes, and Baby needs.",Amazon Pay ICICI Bank Credit Card,
Flat ?75 off,DBSCC75,"Applicable on DBS Bank Credit Cards. Maximum discount ?75. Minimum cart ?750. Valid Oct 01  Oct 31. Excludes Gold/Silver coins, Milk, Tobacco, Cigarettes, and Baby needs.",Bajaj Finserv DBS Bank 10X Plus Signature SuperCard,
Flat ?75 off,DBSCC75,"Applicable on DBS Bank Credit Cards. Maximum discount ?75. Minimum cart ?750. Valid Oct 01  Oct 31. Excludes Gold/Silver coins, Milk, Tobacco, Cigarettes, and Baby needs.",Bajaj Finserv DBS Bank 10X Signature SuperCard,
Flat ?75 off,DBSCC75,"Applicable on DBS Bank Credit Cards. Maximum discount ?75. Minimum cart ?750. Valid Oct 01  Oct 31. Excludes Gold/Silver coins, Milk, Tobacco, Cigarettes, and Baby needs.",Bajaj Finserv DBS Bank 5 X Super Card,
Flat ?75 off,DBSCC75,"Applicable on DBS Bank Credit Cards. Maximum discount ?75. Minimum cart ?750. Valid Oct 01  Oct 31. Excludes Gold/Silver coins, Milk, Tobacco, Cigarettes, and Baby needs.",Bajaj Finserv DBS Bank 5X Plus Rewards Supercard,
Flat ?75 off,DBSCC75,"Applicable on DBS Bank Credit Cards. Maximum discount ?75. Minimum cart ?750. Valid Oct 01  Oct 31. Excludes Gold/Silver coins, Milk, Tobacco, Cigarettes, and Baby needs.",Bajaj Finserv DBS Bank 7X Plus Rewards Supercard,
Flat ?75 off,DBSCC75,"Applicable on DBS Bank Credit Cards. Maximum discount ?75. Minimum cart ?750. Valid Oct 01  Oct 31. Excludes Gold/Silver coins, Milk, Tobacco, Cigarettes, and Baby needs.",Bajaj Finserv DBS Bank 7X Rewards Supercard,
Flat ?75 off,DBSCC75,"Applicable on DBS Bank Credit Cards. Maximum discount ?75. Minimum cart ?750. Valid Oct 01  Oct 31. Excludes Gold/Silver coins, Milk, Tobacco, Cigarettes, and Baby needs.",DBS Spark 10 Credit Card,
Flat ?75 off,DBSCC75,"Applicable on DBS Bank Credit Cards. Maximum discount ?75. Minimum cart ?750. Valid Oct 01  Oct 31. Excludes Gold/Silver coins, Milk, Tobacco, Cigarettes, and Baby needs.",DBS Spark 10 Mastercard Credit Card,
Flat ?75 off,DBSCC75,"Applicable on DBS Bank Credit Cards. Maximum discount ?75. Minimum cart ?750. Valid Oct 01  Oct 31. Excludes Gold/Silver coins, Milk, Tobacco, Cigarettes, and Baby needs.",DBS Spark 20 Visa Credit Card,
Flat ?75 off,DBSCC75,"Applicable on DBS Bank Credit Cards. Maximum discount ?75. Minimum cart ?750. Valid Oct 01  Oct 31. Excludes Gold/Silver coins, Milk, Tobacco, Cigarettes, and Baby needs.",DBS Spark Credit Card,
Flat ?75 off,DBSCC75,"Applicable on DBS Bank Credit Cards. Maximum discount ?75. Minimum cart ?750. Valid Oct 01  Oct 31. Excludes Gold/Silver coins, Milk, Tobacco, Cigarettes, and Baby needs.",DBS Spark20 Credit Card,
Flat ?75 off,DBSCC75,"Applicable on DBS Bank Credit Cards. Maximum discount ?75. Minimum cart ?750. Valid Oct 01  Oct 31. Excludes Gold/Silver coins, Milk, Tobacco, Cigarettes, and Baby needs.",DBS Spark5 Credit Card,
Flat ?75 off,DBSCC75,"Applicable on DBS Bank Credit Cards. Maximum discount ?75. Minimum cart ?750. Valid Oct 01  Oct 31. Excludes Gold/Silver coins, Milk, Tobacco, Cigarettes, and Baby needs.",DBS Vantage Card,
Get 10% off,YESFIRST10,"Applicable on Yes Bank First Debit Cards. Maximum discount ?200. Minimum cart ?1000. Valid Oct 01  Oct 30. Excludes Milk, Tobacco, Cigarettes, and Baby needs.",YES Bank Marquee Credit Card,
Get 10% off,YESFIRST10,"Applicable on Yes Bank First Debit Cards. Maximum discount ?200. Minimum cart ?1000. Valid Oct 01  Oct 30. Excludes Milk, Tobacco, Cigarettes, and Baby needs.",YES Bank Paisabazaar Paisasave Credit Card,
Get 10% off,YESFIRST10,"Applicable on Yes Bank First Debit Cards. Maximum discount ?200. Minimum cart ?1000. Valid Oct 01  Oct 30. Excludes Milk, Tobacco, Cigarettes, and Baby needs.",YES Bank Rio RuPay Credit Card,
Get 10% off,YESFIRST10,"Applicable on Yes Bank First Debit Cards. Maximum discount ?200. Minimum cart ?1000. Valid Oct 01  Oct 30. Excludes Milk, Tobacco, Cigarettes, and Baby needs.",Yes Bank Anq Pi Credit Card,
Get 10% off,YESFIRST10,"Applicable on Yes Bank First Debit Cards. Maximum discount ?200. Minimum cart ?1000. Valid Oct 01  Oct 30. Excludes Milk, Tobacco, Cigarettes, and Baby needs.",Yes Bank BYOC Credit Card,
Get 10% off,YESFIRST10,"Applicable on Yes Bank First Debit Cards. Maximum discount ?200. Minimum cart ?1000. Valid Oct 01  Oct 30. Excludes Milk, Tobacco, Cigarettes, and Baby needs.",Yes Bank Card Anq Phi Credit  Card,
Get 10% off,YESFIRST10,"Applicable on Yes Bank First Debit Cards. Maximum discount ?200. Minimum cart ?1000. Valid Oct 01  Oct 30. Excludes Milk, Tobacco, Cigarettes, and Baby needs.",Yes Bank Finbooster Credit Card,
Get 10% off,YESFIRST10,"Applicable on Yes Bank First Debit Cards. Maximum discount ?200. Minimum cart ?1000. Valid Oct 01  Oct 30. Excludes Milk, Tobacco, Cigarettes, and Baby needs.",Yes Bank Wellness Credit Card,
Get 10% off,YESFIRST10,"Applicable on Yes Bank First Debit Cards. Maximum discount ?200. Minimum cart ?1000. Valid Oct 01  Oct 30. Excludes Milk, Tobacco, Cigarettes, and Baby needs.",Yes Bank Wellness Plus Credit Card,
Get 10% off,YESFIRST10,"Applicable on Yes Bank First Debit Cards. Maximum discount ?200. Minimum cart ?1000. Valid Oct 01  Oct 30. Excludes Milk, Tobacco, Cigarettes, and Baby needs.",Yes ELITE + Credit Card,
Get 10% off,YESFIRST10,"Applicable on Yes Bank First Debit Cards. Maximum discount ?200. Minimum cart ?1000. Valid Oct 01  Oct 30. Excludes Milk, Tobacco, Cigarettes, and Baby needs.",Yes EMI Credit Card,
Get 10% off,YESFIRST10,"Applicable on Yes Bank First Debit Cards. Maximum discount ?200. Minimum cart ?1000. Valid Oct 01  Oct 30. Excludes Milk, Tobacco, Cigarettes, and Baby needs.",Yes Private Prime Credit Card,
Get 10% off,YESFIRST10,"Applicable on Yes Bank First Debit Cards. Maximum discount ?200. Minimum cart ?1000. Valid Oct 01  Oct 30. Excludes Milk, Tobacco, Cigarettes, and Baby needs.",Yes Prosperity Cashback Credit Card,
Get 10% off,YESFIRST10,"Applicable on Yes Bank First Debit Cards. Maximum discount ?200. Minimum cart ?1000. Valid Oct 01  Oct 30. Excludes Milk, Tobacco, Cigarettes, and Baby needs.",Yes Prosperity Cashback Plus Credit Card,
Get 10% off,YESFIRST10,"Applicable on Yes Bank First Debit Cards. Maximum discount ?200. Minimum cart ?1000. Valid Oct 01  Oct 30. Excludes Milk, Tobacco, Cigarettes, and Baby needs.",Yes Prosperity Edge Credit Card,
Get 10% off,YESFIRST10,"Applicable on Yes Bank First Debit Cards. Maximum discount ?200. Minimum cart ?1000. Valid Oct 01  Oct 30. Excludes Milk, Tobacco, Cigarettes, and Baby needs.",Yes Prosperity Reward Credit Card,
Get 10% off,YESFIRST10,"Applicable on Yes Bank First Debit Cards. Maximum discount ?200. Minimum cart ?1000. Valid Oct 01  Oct 30. Excludes Milk, Tobacco, Cigarettes, and Baby needs.",Yes Prosperity Reward Plus Credit Card,
Get 10% off,YESFIRST10,"Applicable on Yes Bank First Debit Cards. Maximum discount ?200. Minimum cart ?1000. Valid Oct 01  Oct 30. Excludes Milk, Tobacco, Cigarettes, and Baby needs.",Yes Reserv Credit Card,
Get 10% OFF up to ?500,INDUSIND10,"Applicable on IndusInd Bank Credit Cards. Maximum discount ?500. Minimum cart ?999. Valid Sept 27  Oct 22. Excludes Gold/Silver coins, Milk, Tobacco, Cigarettes, and Baby needs.",Cred IndusInd Rupay Credit Card,
Get 10% OFF up to ?500,INDUSIND10,"Applicable on IndusInd Bank Credit Cards. Maximum discount ?500. Minimum cart ?999. Valid Sept 27  Oct 22. Excludes Gold/Silver coins, Milk, Tobacco, Cigarettes, and Baby needs.",IndusInd Bank Club Vistara Explorer Credit Card,
Get 10% OFF up to ?500,INDUSIND10,"Applicable on IndusInd Bank Credit Cards. Maximum discount ?500. Minimum cart ?999. Valid Sept 27  Oct 22. Excludes Gold/Silver coins, Milk, Tobacco, Cigarettes, and Baby needs.",IndusInd Bank Platinum RuPay Credit Card,
Get 10% OFF up to ?500,INDUSIND10,"Applicable on IndusInd Bank Credit Cards. Maximum discount ?500. Minimum cart ?999. Valid Sept 27  Oct 22. Excludes Gold/Silver coins, Milk, Tobacco, Cigarettes, and Baby needs.",IndusInd Celesta American Express Credit Card,
Get 10% OFF up to ?500,INDUSIND10,"Applicable on IndusInd Bank Credit Cards. Maximum discount ?500. Minimum cart ?999. Valid Sept 27  Oct 22. Excludes Gold/Silver coins, Milk, Tobacco, Cigarettes, and Baby needs.",IndusInd Eazydiner Credit Card,
Get 10% OFF up to ?500,INDUSIND10,"Applicable on IndusInd Bank Credit Cards. Maximum discount ?500. Minimum cart ?999. Valid Sept 27  Oct 22. Excludes Gold/Silver coins, Milk, Tobacco, Cigarettes, and Baby needs.",IndusInd Intermiles Odyssey Visa Credit Card,
Get 10% OFF up to ?500,INDUSIND10,"Applicable on IndusInd Bank Credit Cards. Maximum discount ?500. Minimum cart ?999. Valid Sept 27  Oct 22. Excludes Gold/Silver coins, Milk, Tobacco, Cigarettes, and Baby needs.",IndusInd Pioneer Legacy Credit Card,
Get 10% OFF up to ?500,INDUSIND10,"Applicable on IndusInd Bank Credit Cards. Maximum discount ?500. Minimum cart ?999. Valid Sept 27  Oct 22. Excludes Gold/Silver coins, Milk, Tobacco, Cigarettes, and Baby needs.",IndusInd Tiger Credit Card,
Get 10% OFF up to ?500,INDUSIND10,"Applicable on IndusInd Bank Credit Cards. Maximum discount ?500. Minimum cart ?999. Valid Sept 27  Oct 22. Excludes Gold/Silver coins, Milk, Tobacco, Cigarettes, and Baby needs.",IndusInd ePay Amex Credit Card,
Get 10% OFF up to ?500,INDUSIND10,"Applicable on IndusInd Bank Credit Cards. Maximum discount ?500. Minimum cart ?999. Valid Sept 27  Oct 22. Excludes Gold/Silver coins, Milk, Tobacco, Cigarettes, and Baby needs.",Indusind Bank Avios Visa Infinite Credit Card,
Get 10% OFF up to ?500,INDUSIND10,"Applicable on IndusInd Bank Credit Cards. Maximum discount ?500. Minimum cart ?999. Valid Sept 27  Oct 22. Excludes Gold/Silver coins, Milk, Tobacco, Cigarettes, and Baby needs.",Indusind Bank Nexxt Credit Card,
Get 10% OFF up to ?500,INDUSIND10,"Applicable on IndusInd Bank Credit Cards. Maximum discount ?500. Minimum cart ?999. Valid Sept 27  Oct 22. Excludes Gold/Silver coins, Milk, Tobacco, Cigarettes, and Baby needs.",Indusind Crest Credit Card,
Get 10% OFF up to ?500,INDUSIND10,"Applicable on IndusInd Bank Credit Cards. Maximum discount ?500. Minimum cart ?999. Valid Sept 27  Oct 22. Excludes Gold/Silver coins, Milk, Tobacco, Cigarettes, and Baby needs.",Indusind Eazydiner Platinum Credit Card,
Get 10% OFF up to ?500,INDUSIND10,"Applicable on IndusInd Bank Credit Cards. Maximum discount ?500. Minimum cart ?999. Valid Sept 27  Oct 22. Excludes Gold/Silver coins, Milk, Tobacco, Cigarettes, and Baby needs.",Indusind Indulge Credit Card,
Get 10% OFF up to ?500,INDUSIND10,"Applicable on IndusInd Bank Credit Cards. Maximum discount ?500. Minimum cart ?999. Valid Sept 27  Oct 22. Excludes Gold/Silver coins, Milk, Tobacco, Cigarettes, and Baby needs.",Indusind Indus Solitaire Credit Card,
Get 10% OFF up to ?500,INDUSIND10,"Applicable on IndusInd Bank Credit Cards. Maximum discount ?500. Minimum cart ?999. Valid Sept 27  Oct 22. Excludes Gold/Silver coins, Milk, Tobacco, Cigarettes, and Baby needs.",Indusind InterMiles Odyssey Amex Credit Card,
Get 10% OFF up to ?500,INDUSIND10,"Applicable on IndusInd Bank Credit Cards. Maximum discount ?500. Minimum cart ?999. Valid Sept 27  Oct 22. Excludes Gold/Silver coins, Milk, Tobacco, Cigarettes, and Baby needs.",Indusind Legend Credit Card,
Get 10% OFF up to ?500,INDUSIND10,"Applicable on IndusInd Bank Credit Cards. Maximum discount ?500. Minimum cart ?999. Valid Sept 27  Oct 22. Excludes Gold/Silver coins, Milk, Tobacco, Cigarettes, and Baby needs.",Indusind Pinnacle Credit Card,
Get 10% OFF up to ?500,INDUSIND10,"Applicable on IndusInd Bank Credit Cards. Maximum discount ?500. Minimum cart ?999. Valid Sept 27  Oct 22. Excludes Gold/Silver coins, Milk, Tobacco, Cigarettes, and Baby needs.",Indusind Pioneer Heritage Credit Card,
Get 10% OFF up to ?500,INDUSIND10,"Applicable on IndusInd Bank Credit Cards. Maximum discount ?500. Minimum cart ?999. Valid Sept 27  Oct 22. Excludes Gold/Silver coins, Milk, Tobacco, Cigarettes, and Baby needs.",Indusind Platinum Aura Edge Credit Card,
Get 10% OFF up to ?500,INDUSIND10,"Applicable on IndusInd Bank Credit Cards. Maximum discount ?500. Minimum cart ?999. Valid Sept 27  Oct 22. Excludes Gold/Silver coins, Milk, Tobacco, Cigarettes, and Baby needs.",Indusind Platinum Visa Credit Card,
Get 10% OFF up to ?500,INDUSIND10,"Applicable on IndusInd Bank Credit Cards. Maximum discount ?500. Minimum cart ?999. Valid Sept 27  Oct 22. Excludes Gold/Silver coins, Milk, Tobacco, Cigarettes, and Baby needs.",Indusind Samman RuPay Credit Card,
Get 10% OFF up to ?500,INDUSIND10,"Applicable on IndusInd Bank Credit Cards. Maximum discount ?500. Minimum cart ?999. Valid Sept 27  Oct 22. Excludes Gold/Silver coins, Milk, Tobacco, Cigarettes, and Baby needs.",Intermiles Amex Voyage Credit Card,
Get 10% OFF up to ?500,INDUSIND10,"Applicable on IndusInd Bank Credit Cards. Maximum discount ?500. Minimum cart ?999. Valid Sept 27  Oct 22. Excludes Gold/Silver coins, Milk, Tobacco, Cigarettes, and Baby needs.",Poonawalla Fincorp IndusInd Bank eLITE RuPay Credit Card,
Get 5% off,AUCC30,"Applicable on AU Bank Credit Cards. Maximum discount ?30. Minimum cart ?500. Valid Oct 01  Oct 31. Excludes Gold/Silver coins, Milk, Tobacco, Cigarettes, and Baby needs.",AU Altura Credit Card,
Get 5% off,AUCC30,"Applicable on AU Bank Credit Cards. Maximum discount ?30. Minimum cart ?500. Valid Oct 01  Oct 31. Excludes Gold/Silver coins, Milk, Tobacco, Cigarettes, and Baby needs.",AU Bank Altura Plus Credit Card,
Get 5% off,AUCC30,"Applicable on AU Bank Credit Cards. Maximum discount ?30. Minimum cart ?500. Valid Oct 01  Oct 31. Excludes Gold/Silver coins, Milk, Tobacco, Cigarettes, and Baby needs.",AU Bank InstaPay Credit Card,
Get 5% off,AUCC30,"Applicable on AU Bank Credit Cards. Maximum discount ?30. Minimum cart ?500. Valid Oct 01  Oct 31. Excludes Gold/Silver coins, Milk, Tobacco, Cigarettes, and Baby needs.",AU Bank Zenith+ Credit Card,
Get 5% off,AUCC30,"Applicable on AU Bank Credit Cards. Maximum discount ?30. Minimum cart ?500. Valid Oct 01  Oct 31. Excludes Gold/Silver coins, Milk, Tobacco, Cigarettes, and Baby needs.",AU LIT Credit Card,
Get 5% off,AUCC30,"Applicable on AU Bank Credit Cards. Maximum discount ?30. Minimum cart ?500. Valid Oct 01  Oct 31. Excludes Gold/Silver coins, Milk, Tobacco, Cigarettes, and Baby needs.",AU Vetta Credit Card,
Get 5% off,AUCC30,"Applicable on AU Bank Credit Cards. Maximum discount ?30. Minimum cart ?500. Valid Oct 01  Oct 31. Excludes Gold/Silver coins, Milk, Tobacco, Cigarettes, and Baby needs.",AU Zenith Credit Card,
Get 5% off,AUCC30,"Applicable on AU Bank Credit Cards. Maximum discount ?30. Minimum cart ?500. Valid Oct 01  Oct 31. Excludes Gold/Silver coins, Milk, Tobacco, Cigarettes, and Baby needs.",Ixigo AU Travel Credit Card,
Get 10% OFF up to ?600,YESBCC10,"Applicable on Yes Bank Credit Cards (excluding corporate cards). Maximum discount ?600. Minimum cart ?2999. Valid Sept 11  Oct 22. Excludes Gold/Silver coins, Milk, Tobacco, Cigarettes, and Baby needs.",YES Bank Marquee Credit Card,
Get 10% OFF up to ?600,YESBCC10,"Applicable on Yes Bank Credit Cards (excluding corporate cards). Maximum discount ?600. Minimum cart ?2999. Valid Sept 11  Oct 22. Excludes Gold/Silver coins, Milk, Tobacco, Cigarettes, and Baby needs.",YES Bank Paisabazaar Paisasave Credit Card,
Get 10% OFF up to ?600,YESBCC10,"Applicable on Yes Bank Credit Cards (excluding corporate cards). Maximum discount ?600. Minimum cart ?2999. Valid Sept 11  Oct 22. Excludes Gold/Silver coins, Milk, Tobacco, Cigarettes, and Baby needs.",YES Bank Rio RuPay Credit Card,
Get 10% OFF up to ?600,YESBCC10,"Applicable on Yes Bank Credit Cards (excluding corporate cards). Maximum discount ?600. Minimum cart ?2999. Valid Sept 11  Oct 22. Excludes Gold/Silver coins, Milk, Tobacco, Cigarettes, and Baby needs.",Yes Bank Anq Pi Credit Card,
Get 10% OFF up to ?600,YESBCC10,"Applicable on Yes Bank Credit Cards (excluding corporate cards). Maximum discount ?600. Minimum cart ?2999. Valid Sept 11  Oct 22. Excludes Gold/Silver coins, Milk, Tobacco, Cigarettes, and Baby needs.",Yes Bank BYOC Credit Card,
Get 10% OFF up to ?600,YESBCC10,"Applicable on Yes Bank Credit Cards (excluding corporate cards). Maximum discount ?600. Minimum cart ?2999. Valid Sept 11  Oct 22. Excludes Gold/Silver coins, Milk, Tobacco, Cigarettes, and Baby needs.",Yes Bank Card Anq Phi Credit  Card,
Get 10% OFF up to ?600,YESBCC10,"Applicable on Yes Bank Credit Cards (excluding corporate cards). Maximum discount ?600. Minimum cart ?2999. Valid Sept 11  Oct 22. Excludes Gold/Silver coins, Milk, Tobacco, Cigarettes, and Baby needs.",Yes Bank Finbooster Credit Card,
Get 10% OFF up to ?600,YESBCC10,"Applicable on Yes Bank Credit Cards (excluding corporate cards). Maximum discount ?600. Minimum cart ?2999. Valid Sept 11  Oct 22. Excludes Gold/Silver coins, Milk, Tobacco, Cigarettes, and Baby needs.",Yes Bank Wellness Credit Card,
Get 10% OFF up to ?600,YESBCC10,"Applicable on Yes Bank Credit Cards (excluding corporate cards). Maximum discount ?600. Minimum cart ?2999. Valid Sept 11  Oct 22. Excludes Gold/Silver coins, Milk, Tobacco, Cigarettes, and Baby needs.",Yes Bank Wellness Plus Credit Card,
Get 10% OFF up to ?600,YESBCC10,"Applicable on Yes Bank Credit Cards (excluding corporate cards). Maximum discount ?600. Minimum cart ?2999. Valid Sept 11  Oct 22. Excludes Gold/Silver coins, Milk, Tobacco, Cigarettes, and Baby needs.",Yes ELITE + Credit Card,
Get 10% OFF up to ?600,YESBCC10,"Applicable on Yes Bank Credit Cards (excluding corporate cards). Maximum discount ?600. Minimum cart ?2999. Valid Sept 11  Oct 22. Excludes Gold/Silver coins, Milk, Tobacco, Cigarettes, and Baby needs.",Yes EMI Credit Card,
Get 10% OFF up to ?600,YESBCC10,"Applicable on Yes Bank Credit Cards (excluding corporate cards). Maximum discount ?600. Minimum cart ?2999. Valid Sept 11  Oct 22. Excludes Gold/Silver coins, Milk, Tobacco, Cigarettes, and Baby needs.",Yes Private Prime Credit Card,
Get 10% OFF up to ?600,YESBCC10,"Applicable on Yes Bank Credit Cards (excluding corporate cards). Maximum discount ?600. Minimum cart ?2999. Valid Sept 11  Oct 22. Excludes Gold/Silver coins, Milk, Tobacco, Cigarettes, and Baby needs.",Yes Prosperity Cashback Credit Card,
Get 10% OFF up to ?600,YESBCC10,"Applicable on Yes Bank Credit Cards (excluding corporate cards). Maximum discount ?600. Minimum cart ?2999. Valid Sept 11  Oct 22. Excludes Gold/Silver coins, Milk, Tobacco, Cigarettes, and Baby needs.",Yes Prosperity Cashback Plus Credit Card,
Get 10% OFF up to ?600,YESBCC10,"Applicable on Yes Bank Credit Cards (excluding corporate cards). Maximum discount ?600. Minimum cart ?2999. Valid Sept 11  Oct 22. Excludes Gold/Silver coins, Milk, Tobacco, Cigarettes, and Baby needs.",Yes Prosperity Edge Credit Card,
Get 10% OFF up to ?600,YESBCC10,"Applicable on Yes Bank Credit Cards (excluding corporate cards). Maximum discount ?600. Minimum cart ?2999. Valid Sept 11  Oct 22. Excludes Gold/Silver coins, Milk, Tobacco, Cigarettes, and Baby needs.",Yes Prosperity Reward Credit Card,
Get 10% OFF up to ?600,YESBCC10,"Applicable on Yes Bank Credit Cards (excluding corporate cards). Maximum discount ?600. Minimum cart ?2999. Valid Sept 11  Oct 22. Excludes Gold/Silver coins, Milk, Tobacco, Cigarettes, and Baby needs.",Yes Prosperity Reward Plus Credit Card,
Get 10% OFF up to ?600,YESBCC10,"Applicable on Yes Bank Credit Cards (excluding corporate cards). Maximum discount ?600. Minimum cart ?2999. Valid Sept 11  Oct 22. Excludes Gold/Silver coins, Milk, Tobacco, Cigarettes, and Baby needs.",Yes Reserv Credit Card,
